Date,Batch,ISIN,CUSIP,Ticker,Short name of Issuer,Currency,Classification,Region,Tier,Maturity,Assumed Maturity,Coupon,Frequency,Coupon Type,Defaulted,Perpetual,isinFuel1,isinFuel2,isinFuel3,isinFuel4,isinFuel5,Bid Price,Mid Price,Ask Price,Bid Ask Price Spread,Accrued Interest,Dirty Bid Price,Dirty Mid Price,Dirty Ask Price,Bid YTM,Mid YTM,Ask YTM,Bid Ask Yield Spread,Bid YTW,Mid YTW,Ask YTW,YTW Date,Bid STW,Bid Discount Margin,Mid Discount Margin,Ask Discount Margin,Benchmark ISIN,Benchmark CUSIP,Benchmark Name,Benchmark Bid YTM,Benchmark Mid YTM,Benchmark Ask YTM,Spread vs Benchmark Bid,Spread vs Benchmark Mid,Spread vs Benchmark Ask,Bid ASW Spread,Mid ASW Spread,Ask ASW Spread,Bid Z Spread,Mid Z Spread,Ask Z Spread,gSpread Bid,gSpread Mid,gSpread Ask,iSpread Mid,PV01,Bid Macaulay Duration,Mid Macaulay Duration,Ask Macaulay Duration,Bid Modified Duration,Mid Modified Duration,Ask Modified Duration,Bid Convexity,Mid Convexity,Ask Convexity,Bid OAS,Mid OAS,Ask OAS,Bid Effective Duration,Mid Effective Duration,Ask Effective Duration,Bid Effective Convexity,Mid Effective Convexity,Ask Effective Convexity,Bond Agency Data,iBoxx Data,Markit Composite Data,Markit Contribution Data,Quote Data,Trace Data,Interdealer broker data,Primary Issuer Curve,Liquidity asof,Liquidity Score,Liquidity Score 7 Day,Liquidity Score 7 Day Count,Liquidity Score 30 Day,Liquidity Score 30 Day Count,Liquidity Score 60 Day,Liquidity Score 60 Day Count,Liquidity Score 90 Day,Liquidity Score 90 Day Count,Depth Merit,Bid Ask Merit,Maturity Merit,Shadow Liquidity,Total number of Merits,Source Count,Quotes Dealer Count 1 Day,Instrument Depth 1 Day,Quotes Dealer Count 10 Day,Instrument Depth 10 Day,Trace Last Trade Date,Trace Entity Trade Volume 1 Day,Trace Entity Trade Volume 10 Day,Trace Entity Trade Volume 30 Day,Trace Entity Trade Volume 60 Day,Trace Entity Trade Volume 90 Day,Trace Sector Trade Volume 1 Day,Trace Sector Trade Volume 10 Day,Trace Sector Trade Volume 30 Day,Trace Sector Trade Volume 60 Day,Trace Sector Trade Volume 90 Day,Trace Trade Count 1 Day,Trace Trade Count 10 Day,Trace Trade Count 30 Day,Trace Trade Count 60 Day,Trace Trade Count 90 Day,Trace Trade Volume 1 Day,Trace Trade Volume 10 Day,Trace Trade Volume 30 Day,Trace Trade Volume 60 Day,Trace Trade Volume 90 Day,Trace Last Trade Lot Date,Set Id,Actual CDS-Bond Basis Mid,Actual IMM CDS-Bond Basis,CDS-Bond Basis asof,3M,3MYTM,6M,6MYTM,1Y,1YYTM,2Y,2YYTM,3Y,3YYTM,4Y,4YYTM,5Y,5YYTM,6Y,6YYTM,7Y,7YYTM,8Y,8YYTM,9Y,9YYTM,10Y,10YYTM,15Y,15YYTM,20Y,20YYTM,25Y,25YYTM,30Y,30YYTM,40Y,40YYTM,Product Type
2025-09-09,L1600,XS1847694764,N025986R1,AMROBK,ABN AMRO Bk NV,EUR,Corporate,EuropeMiddleEastAfrica,SECDOM,2028-06-25,,0.88,12M,Fixed,N,N,,,,,,96.34745,96.43532,96.5233,0.17585,0.18805,96.5355,96.62337,96.71135,2.2464,2.2127,2.17899,6.74067,,,,,,,,,DE0001102440,D2R8H4DB2,DBR 0.5 02/15/28,1.91588,1.90717,1.89847,33.0522,30.5522,28.0522,10.36762,7.15285,3.93409,10.36499,7.07883,3.79157,28.33182,25.71595,23.10008,7.93855,0.02674,2.75962,2.75964,2.75965,2.69899,2.6999,2.7008,9.96624,9.97288,9.97952,,,,2.76855,2.76856,2.76857,7.70904,7.70908,7.70912,N,N,N,N,N,N,N,,2025-09-08,4,4,5,4,21,4,42,4,64,0,4,3,Y,7,0,0,0,0,0,,27263000,146217000,434353000,1078798000,1427399000,11780552753,12945972593,13103576852,13528438827,14189025765,,,,,,,,,,,,1848,,,,2025-12-12,2.02693,2026-03-12,2.04232,2026-09-12,2.08747,2027-09-12,2.17891,2028-09-12,2.26504,2029-09-12,2.41957,2030-09-12,2.56287,2031-09-12,2.68399,2032-09-12,2.79711,2033-09-12,2.88238,2034-09-12,2.96183,2035-09-12,3.15557,2040-09-12,3.57377,2045-09-12,3.79842,2050-09-12,3.94383,2055-09-12,4.01957,2065-09-12,4.11828,GSAC
2025-09-09,L1600,XS1874729624,N02599AF0,AMROBK,ABN AMRO Bk NV,EUR,Corporate,EuropeMiddleEastAfrica,SECDOM,2030-08-29,,1.1,12M,Fixed,N,N,,,,,,93.28517,93.42009,93.55524,0.27007,0.03918,93.32435,93.45927,93.59442,2.55738,2.52685,2.49632,6.10586,,,,,,,,,DE0001135143,D20658NX0,DBR 6.25 01/04/30,2.13131,2.12578,2.12025,42.60617,40.10617,37.60617,24.23198,21.39056,18.54413,25.22372,22.24929,19.27397,35.98296,33.51162,31.04027,22.72646,0.04535,4.85218,4.85228,4.85238,4.73119,4.73269,4.7342,27.30809,27.32506,27.34204,,,,4.8564,4.85648,4.85656,23.9125,23.91303,23.91356,N,N,N,N,N,N,N,,2025-09-08,4,4,5,4,21,4,42,4,64,0,4,3,Y,7,0,0,0,0,0,,27263000,146217000,434353000,1078798000,1427399000,11780552753,12945972593,13103576852,13528438827,14189025765,,,,,,,,,,,,1848,,,,2025-12-12,2.02693,2026-03-12,2.04232,2026-09-12,2.08747,2027-09-12,2.17891,2028-09-12,2.26504,2029-09-12,2.41957,2030-09-12,2.56287,2031-09-12,2.68399,2032-09-12,2.79711,2033-09-12,2.88238,2034-09-12,2.96183,2035-09-12,3.15557,2040-09-12,3.57377,2045-09-12,3.79842,2050-09-12,3.94383,2055-09-12,4.01957,2065-09-12,4.11828,GSAC
2025-09-09,L1600,XS1874729897,N02599AJ2,AMROBK,ABN AMRO Bk NV,EUR,Corporate,EuropeMiddleEastAfrica,SECDOM,2033-08-29,,1.34,12M,Fixed,N,N,,,,,,89.1831,89.38381,89.58504,0.40194,0.04773,89.23082,89.43153,89.63277,2.8791,2.8486,2.8181,6.09992,,,,,,,,,DE0001135176,D20658PR1,DBR 5.5 01/04/31,2.24832,2.24282,2.23732,63.07835,60.57835,58.07835,33.38597,30.65097,27.90881,35.71574,32.7517,29.78678,37.69355,35.19612,32.6987,32.76443,0.06765,7.57737,7.57791,7.57845,7.36532,7.36802,7.37073,63.12452,63.16768,63.21087,,,,7.57754,7.578,7.57845,59.25775,59.26239,59.26703,N,N,N,N,N,N,N,,2025-09-08,4,4,5,4,21,4,42,4,64,0,4,2,Y,6,0,0,0,0,0,,27263000,146217000,434353000,1078798000,1427399000,11780552753,12945972593,13103576852,13528438827,14189025765,,,,,,,,,,,,1848,,,,2025-12-12,2.02693,2026-03-12,2.04232,2026-09-12,2.08747,2027-09-12,2.17891,2028-09-12,2.26504,2029-09-12,2.41957,2030-09-12,2.56287,2031-09-12,2.68399,2032-09-12,2.79711,2033-09-12,2.88238,2034-09-12,2.96183,2035-09-12,3.15557,2040-09-12,3.57377,2045-09-12,3.79842,2050-09-12,3.94383,2055-09-12,4.01957,2065-09-12,4.11828,GSAC
2025-09-09,L1600,XS1874729970,N02599AH6,AMROBK,ABN AMRO Bk NV,EUR,Corporate,EuropeMiddleEastAfrica,SECDOM,2035-08-29,,1.42,12M,Fixed,N,N,,,,,,85.41315,85.64179,85.87114,0.45799,0.05058,85.46373,85.69237,85.92172,3.14814,3.1185,3.08885,5.92871,,,,,,,,,DE0001135226,D20658UR5,DBR 4.75 07/04/34,2.53748,2.53284,2.5282,61.06577,58.56577,56.06577,45.30598,42.74798,40.1821,49.77024,46.89493,44.01879,44.54336,42.05833,39.5733,46.64259,0.07926,9.29474,9.29585,9.29697,9.01106,9.01473,9.0184,93.5933,93.66146,93.72966,,,,9.28305,9.28404,9.28502,90.13976,90.1523,90.16482,N,N,N,N,N,N,N,,2025-09-08,4,4,5,4,21,4,42,4,64,0,4,2,Y,6,0,0,0,0,0,,27263000,146217000,434353000,1078798000,1427399000,11780552753,12945972593,13103576852,13528438827,14189025765,,,,,,,,,,,,1848,,,,2025-12-12,2.02693,2026-03-12,2.04232,2026-09-12,2.08747,2027-09-12,2.17891,2028-09-12,2.26504,2029-09-12,2.41957,2030-09-12,2.56287,2031-09-12,2.68399,2032-09-12,2.79711,2033-09-12,2.88238,2034-09-12,2.96183,2035-09-12,3.15557,2040-09-12,3.57377,2045-09-12,3.79842,2050-09-12,3.94383,2055-09-12,4.01957,2065-09-12,4.11828,GSAC
2025-09-09,L1600,XS1915504044,N0R37UUQ7,AMROBK,ABN AMRO Bk NV,EUR,Corporate,EuropeMiddleEastAfrica,SECDOM,2027-11-22,,0.89,12M,Fixed,N,N,,,,,,97.22774,97.30244,97.37723,0.14949,0.71444,97.94218,98.01688,98.09166,2.19544,2.15955,2.12365,7.17886,,,,,,,,,DE0001102424,D2R8H4CQ0,DBR 0.5 08/15/27,1.92199,1.9111,1.9002,27.34494,24.84494,22.34494,9.25324,5.80606,2.35501,9.39892,5.89256,2.38496,25.8098,23.12233,20.43485,6.42465,0.0213,2.17031,2.17033,2.17034,2.12369,2.12445,2.12521,6.63054,6.63526,6.63997,,,,2.17436,2.17437,2.17438,4.77188,4.77191,4.77194,N,N,N,N,N,N,N,,2025-09-08,4,4,5,4,21,4,42,4,64,0,4,3,Y,7,0,0,0,0,0,,27263000,146217000,434353000,1078798000,1427399000,11780552753,12945972593,13103576852,13528438827,14189025765,,,,,,,,,,,,1848,,,,2025-12-12,2.02693,2026-03-12,2.04232,2026-09-12,2.08747,2027-09-12,2.17891,2028-09-12,2.26504,2029-09-12,2.41957,2030-09-12,2.56287,2031-09-12,2.68399,2032-09-12,2.79711,2033-09-12,2.88238,2034-09-12,2.96183,2035-09-12,3.15557,2040-09-12,3.57377,2045-09-12,3.79842,2050-09-12,3.94383,2055-09-12,4.01957,2065-09-12,4.11828,GSAC
2025-09-09,L1600,XS1915504713,N0R37UUN4,AMROBK,ABN AMRO Bk NV,EUR,Corporate,EuropeMiddleEastAfrica,SECDOM,2038-11-22,,1.6,12M,Fixed,N,N,,,,,,80.89759,81.16553,81.4345,0.53691,1.28438,82.18198,82.44992,82.71888,3.42271,3.39382,3.36493,5.77745,,,,,,,,,DE0001135275,D20658A30,DBR 4.0 01/04/37,2.76456,2.76068,2.75679,65.81435,63.31435,60.81435,54.38082,52.01347,49.63706,61.87969,59.08197,56.28347,52.02727,49.52867,47.03007,58.03408,0.095,11.65042,11.65377,11.65713,11.26485,11.27125,11.27764,149.03883,149.1751,149.31141,,,,11.60349,11.6066,11.6097,146.94977,146.99928,147.04872,N,N,N,N,N,N,N,,2025-09-08,4,4,5,4,21,4,42,4,64,0,4,1,Y,5,0,0,0,0,0,,27263000,146217000,434353000,1078798000,1427399000,11780552753,12945972593,13103576852,13528438827,14189025765,,,,,,,,,,,,1848,,,,2025-12-12,2.02693,2026-03-12,2.04232,2026-09-12,2.08747,2027-09-12,2.17891,2028-09-12,2.26504,2029-09-12,2.41957,2030-09-12,2.56287,2031-09-12,2.68399,2032-09-12,2.79711,2033-09-12,2.88238,2034-09-12,2.96183,2035-09-12,3.15557,2040-09-12,3.57377,2045-09-12,3.79842,2050-09-12,3.94383,2055-09-12,4.01957,2065-09-12,4.11828,GSAC
2025-09-09,L1600,XS2093705064,N0R37UJ64,AMROBK,ABN AMRO Bk NV,EUR,Corporate,EuropeMiddleEastAfrica,SECDOM,2036-12-12,,0.45,12M,Fixed,N,N,,,,,,73.87998,74.1125,74.34582,0.46584,0.33658,74.21656,74.44907,74.6824,3.26019,3.23054,3.2009,5.92871,,,,,,,,,DE0001135226,D20658UR5,DBR 4.75 07/04/34,2.53748,2.53284,2.5282,72.27049,69.77049,67.27049,44.14527,41.80095,39.44845,52.57329,49.70252,46.83092,47.66298,45.14279,42.62259,50.63241,0.08037,10.89405,10.89482,10.8956,10.5501,10.55388,10.55766,124.05131,124.13324,124.21522,,,,10.88952,10.89021,10.8909,121.34547,121.355,121.36452,N,N,N,N,N,N,N,,2025-09-08,4,4,5,4,21,4,42,4,64,0,4,2,Y,6,0,0,0,0,0,,27263000,146217000,434353000,1078798000,1427399000,11780552753,12945972593,13103576852,13528438827,14189025765,,,,,,,,,,,,1848,,,,2025-12-12,2.02693,2026-03-12,2.04232,2026-09-12,2.08747,2027-09-12,2.17891,2028-09-12,2.26504,2029-09-12,2.41957,2030-09-12,2.56287,2031-09-12,2.68399,2032-09-12,2.79711,2033-09-12,2.88238,2034-09-12,2.96183,2035-09-12,3.15557,2040-09-12,3.57377,2045-09-12,3.79842,2050-09-12,3.94383,2055-09-12,4.01957,2065-09-12,4.11828,GSAC
2025-09-09,L1600,XS2093637556,N0R37UJ72,AMROBK,ABN AMRO Bk NV,EUR,Corporate,EuropeMiddleEastAfrica,SECDOM,2032-12-12,,0.25,12M,Fixed,N,N,,,,,,83.36483,83.54283,83.72127,0.35644,0.18699,83.55181,83.72982,83.90825,2.8182,2.7877,2.7572,6.09992,,,,,,,,,DE0001135176,D20658PR1,DBR 5.5 01/04/31,2.24832,2.24282,2.23732,56.9884,54.4884,51.9884,30.57908,27.93999,25.29445,33.84183,30.87843,27.91415,38.61367,36.16595,33.71824,31.87708,0.05998,7.17327,7.17338,7.1735,6.97665,6.97883,6.98102,55.83197,55.8662,55.90046,,,,7.1811,7.18119,7.18129,51.966,51.96687,51.96774,N,N,N,N,N,N,N,,2025-09-08,4,4,5,4,21,4,42,4,64,0,4,2,Y,6,0,0,0,0,0,,27263000,146217000,434353000,1078798000,1427399000,11780552753,12945972593,13103576852,13528438827,14189025765,,,,,,,,,,,,1848,,,,2025-12-12,2.02693,2026-03-12,2.04232,2026-09-12,2.08747,2027-09-12,2.17891,2028-09-12,2.26504,2029-09-12,2.41957,2030-09-12,2.56287,2031-09-12,2.68399,2032-09-12,2.79711,2033-09-12,2.88238,2034-09-12,2.96183,2035-09-12,3.15557,2040-09-12,3.57377,2045-09-12,3.79842,2050-09-12,3.94383,2055-09-12,4.01957,2065-09-12,4.11828,GSAC
2025-09-09,L1600,XS2159783385,N0R37UR99,AMROBK,ABN AMRO Bk NV,EUR,Corporate,EuropeMiddleEastAfrica,SECDOM,2026-04-20,,0.3,12M,Fixed,N,N,,,,,,98.9509,98.97964,99.00841,0.05751,0.11836,99.06925,99.098,99.12676,2.05178,2.00327,1.95477,9.7012,,,,,,,,,DE0001102390,D2R8H4AV1,DBR 0.5 02/15/26,1.89149,1.86798,1.84448,16.02897,13.52897,11.02897,-9.08269,-13.8175,-18.55505,-9.11963,-13.87168,-18.62511,12.83862,10.32784,7.81799,-12.4744,0.00605,0.60548,0.60548,0.60548,0.59326,0.59354,0.59383,0.93324,0.93413,0.93503,,,,0.61054,0.61054,0.61054,0.37276,0.37276,0.37276,N,N,N,N,N,N,N,,2025-09-08,4,4,5,4,21,4,42,4,64,0,4,4,Y,8,0,0,0,0,0,,27263000,146217000,434353000,1078798000,1427399000,11780552753,12945972593,13103576852,13528438827,14189025765,,,,,,,,,,,,1848,,,,2025-12-12,2.02693,2026-03-12,2.04232,2026-09-12,2.08747,2027-09-12,2.17891,2028-09-12,2.26504,2029-09-12,2.41957,2030-09-12,2.56287,2031-09-12,2.68399,2032-09-12,2.79711,2033-09-12,2.88238,2034-09-12,2.96183,2035-09-12,3.15557,2040-09-12,3.57377,2045-09-12,3.79842,2050-09-12,3.94383,2055-09-12,4.01957,2065-09-12,4.11828,GSAC
2025-09-09,L1600,XS2159783542,N0R37US49,AMROBK,ABN AMRO Bk NV,EUR,Corporate,EuropeMiddleEastAfrica,SECDOM,2029-04-20,,0.5,12M,Fixed,N,N,,,,,,93.64734,93.7501,93.85299,0.20565,0.19726,93.84461,93.94736,94.05025,2.35818,2.32685,2.29552,6.26643,,,,,,,,,DE0001102465,D2R8H4DU0,DBR 0.25 02/15/29,2.01749,2.01116,2.00483,34.06919,31.56919,29.06919,15.14514,12.21274,9.27621,15.75063,12.69401,9.63646,31.41214,28.94607,26.48,13.29885,0.03362,3.57444,3.57446,3.57448,3.49209,3.49318,3.49427,15.67492,15.68464,15.69437,,,,3.5801,3.58012,3.58014,12.88917,12.88926,12.88934,N,N,N,N,N,N,N,,2025-09-08,4,4,5,4,21,4,42,4,64,0,4,3,Y,7,0,0,0,0,0,,27263000,146217000,434353000,1078798000,1427399000,11780552753,12945972593,13103576852,13528438827,14189025765,,,,,,,,,,,,1848,,,,2025-12-12,2.02693,2026-03-12,2.04232,2026-09-12,2.08747,2027-09-12,2.17891,2028-09-12,2.26504,2029-09-12,2.41957,2030-09-12,2.56287,2031-09-12,2.68399,2032-09-12,2.79711,2033-09-12,2.88238,2034-09-12,2.96183,2035-09-12,3.15557,2040-09-12,3.57377,2045-09-12,3.79842,2050-09-12,3.94383,2055-09-12,4.01957,2065-09-12,4.11828,GSAC
2025-09-09,L1600,ES0413860802,E1581B2X2,BANSAB,Bco de Sabadell S A,EUR,Corporate,EuropeMiddleEastAfrica,SECDOM,2029-05-30,,1.75,12M,Fixed,N,N,Index Constituent Contributions,Real-time Bank Feeds,,,,97.45132,97.52372,97.59618,0.14486,0.49863,97.94995,98.02235,98.09481,2.47527,2.45431,2.43335,4.19256,,,,,,,,,DE0001102465,D2R8H4DU0,DBR 0.25 02/15/29,2.01749,2.01116,2.00483,45.77821,44.31514,42.85208,26.16643,24.15886,22.14936,26.49583,24.45318,22.41012,41.82737,40.39197,38.95657,25.19645,0.03546,3.61141,3.61146,3.61151,3.52418,3.52495,3.52572,16.08033,16.08718,16.09403,,,,3.61693,3.61698,3.61704,13.3146,13.31488,13.31515,N,Y,N,N,Y,N,N,,2025-09-08,2,2,5,1,21,1,42,1,64,20,4,3,N,27,2,4,31,3,16,,,,,,,11780552753,12945972593,13103576852,13528438827,14189025765,,,,,,,,,,,,1786,,,,2025-12-12,2.16535,2026-03-12,2.16085,2026-09-12,2.16361,2027-09-12,2.26171,2028-09-12,2.41119,2029-09-12,2.49667,2030-09-12,2.65072,2031-09-12,2.76247,2032-09-12,2.86229,2033-09-12,2.96918,2034-09-12,3.05408,2035-09-12,3.17292,2040-09-12,3.48873,2045-09-12,3.64381,2050-09-12,3.73483,2055-09-12,3.76737,2065-09-12,3.83779,GSAC
2025-09-09,L1600,BE0002882638,B533A5XA8,KRCP-BankNV,KBC Bk,EUR,Corporate,EuropeMiddleEastAfrica,SECDOM,2026-09-21,,2.375,12M,Fixed,N,N,,,,,,99.96414,100.00607,100.04803,0.08389,2.30993,102.27408,102.316,102.35796,2.41,2.36821,2.32642,8.35811,,,,,,,,,DE0001102408,D2R8H4BP3,DBR 0.0 08/15/26,1.89905,1.88226,1.86547,51.09444,48.59444,46.09444,30.39641,26.30691,22.21402,30.13729,26.07539,22.01183,48.49803,45.78569,43.07335,27.81197,0.01032,1.00419,1.0042,1.00421,0.98056,0.98097,0.98138,1.94059,1.9422,1.9438,,,,1.00904,1.00905,1.00906,1.04068,1.04069,1.04069,N,N,N,N,N,N,N,,2025-09-08,5,4,5,4,21,4,42,4,64,0,4,4,N,8,0,0,0,0,0,,,,,,,11780552753,12945972593,13103576852,13528438827,14189025765,,,,,,,,,,,,229376,,,,2025-12-12,2.43485,2026-03-12,2.41865,2026-09-12,2.40993,2027-09-12,2.41367,2028-09-12,2.45728,2029-09-12,2.57534,2030-09-12,2.68621,2031-09-12,2.79742,2032-09-12,2.89201,2033-09-12,2.99042,2034-09-12,3.07003,2035-09-12,3.19173,2040-09-12,3.49762,2045-09-12,3.65386,2050-09-12,3.74162,2055-09-12,3.77142,2065-09-12,3.84205,GSAC
2025-09-09,L1600,DE000DL19V89,D1T7GBNM4,DB,Deutsche Bk AG,EUR,Corporate,EuropeMiddleEastAfrica,SECDOM,2027-09-27,,,3M,Float,N,N,,,,,,97.27487,97.37208,97.46939,0.19451,0.61074,97.88562,97.98282,98.08013,4.23973,4.18909,4.13845,,4.23973,4.189090101769022,4.13844715588576,,,227.93299,222.93299,217.93299,,,,,,,,,,210.12481,205.32969,200.52911,214.55081,209.54857,204.54572,232.2886,228.15113,224.01374,218.60233,0.0192,1.98046,1.9805,1.98055,1.95969,1.95997,1.96026,4.41095,4.41217,4.4134,,,,1.97199,1.97227,1.97255,4.43865,4.43985,4.44105,N,N,N,N,N,N,N,,2025-09-08,5,5,5,5,21,5,42,5,64,0,3,4,N,7,0,0,0,0,0,,8788000,66162145,155865945,342775395,565232395,11780552753,12945972593,13103576852,13528438827,14189025765,,,,,,,,,,,,14240,,,,,,,,,,,,,,,,,,,,,,,,,,,,,,,,,,,,,,GSAC
2025-09-09,L1600,BE0002696772,B5S3HZC52,KRCP-BankNV,KBC Bk,EUR,Corporate,EuropeMiddleEastAfrica,SECDOM,2027-04-29,,0.25,12M,Fixed,N,N,,,,,,96.907,96.96255,97.01815,0.11115,0.09247,96.99947,97.05502,97.11062,2.20206,2.16611,2.13017,7.18877,,,,,,,,,DE0001102416,D2R8H4CA5,DBR 0.25 02/15/27,1.91169,1.90074,1.8898,29.03701,26.53701,24.03701,11.5702,8.13523,4.69708,11.80869,8.30054,4.79115,27.47844,25.03077,22.5831,9.06717,0.01583,1.62759,1.6276,1.6276,1.59253,1.59309,1.59365,4.09678,4.09967,4.10256,,,,1.63195,1.63196,1.63196,2.66581,2.66581,2.66581,N,N,N,N,N,N,N,,2025-09-08,4,4,5,4,21,4,42,4,64,0,4,4,Y,8,0,0,0,0,0,,,,,,,11780552753,12945972593,13103576852,13528438827,14189025765,,,,,,,,,,,,80244,,,,2025-12-12,1.99554,2026-03-12,2.01761,2026-09-12,2.09693,2027-09-12,2.26551,2028-09-12,2.30859,2029-09-12,2.57039,2030-09-12,2.86088,2031-09-12,3.1429,2032-09-12,3.3592,2033-09-12,3.53034,2034-09-12,3.66593,2035-09-12,3.7087,2040-09-12,4.0645,2045-09-12,4.25424,2050-09-12,4.42985,2055-09-12,4.50305,2065-09-12,4.53064,GSAC
2025-09-09,L1600,XS2606261597,X2993SJR9,FORTUM,Fortum Oyj,EUR,Corporate,EuropeMiddleEastAfrica,SNRFOR,2033-05-26,,4.5,12M,Fixed,N,N,Index Constituent Contributions,Real-time Bank Feeds,Dealer Runs,Dealer Books of Records,,106.80788,107.03654,107.2658,0.45792,1.33151,108.13939,108.36805,108.59731,3.47519,3.44228,3.40937,6.58162,3.44871,3.414884204013665,3.381058656297536,2033-02-26,100.20891,,,,DE000BU2Z007,D1444RCB2,DBR 2.3 02/15/33,2.44662,2.44064,2.43465,102.85677,100.16425,97.47173,101.48976,98.27981,95.06139,97.16091,93.97969,90.79746,99.86347,97.14336,94.42324,94.03338,0.07162,6.63992,6.64128,6.64265,6.41692,6.42028,6.42364,51.39018,51.4364,51.48266,112.88144,109.13993,105.89506,6.61606,6.61469,6.61289,39.31018,37.78975,36.10699,N,Y,N,Y,Y,N,N,577,2025-09-08,1,1,5,1,21,1,42,1,64,24,4,2,N,30,3,17,917,18,711,,,,,,,2654264123,3160123123,3338315435,3665526435,4021584038,,,,,,,,,,,,577,-43.17423,-42.8,2025-09-08,2025-12-12,2.24288,2026-03-12,2.2736,2026-09-12,2.36229,2027-09-12,2.53609,2028-09-12,2.6588,2029-09-12,2.77162,2030-09-12,2.97262,2031-09-12,3.18672,2032-09-12,3.37707,2033-09-12,3.54468,2034-09-12,3.66022,2035-09-12,3.80389,2040-09-12,4.2071,2045-09-12,4.46053,2050-09-12,4.6082,2055-09-12,4.65062,2065-09-12,4.72184,GSAC
2025-09-09,L1600,AT000B078746,A6548JLE1,RLNW,RAIFFEISENLANDESBANK,EUR,Corporate,EuropeMiddleEastAfrica,SECDOM,2027-03-22,,,3M,Float,N,N,,,,,,99.60019,99.638,99.67584,0.07565,0.50248,100.10267,100.14048,100.17831,2.36368,2.33839,2.31311,,2.36368,2.338394536911892,2.313110059465284,,,44,41.5,39,,,,,,,,,,30.1329,27.64752,25.16104,30.39937,27.88586,25.37218,45.05654,43.71305,42.36966,30.15268,0.01496,1.50255,1.50256,1.50257,1.49372,1.49383,1.49393,2.63208,2.63243,2.63277,,,,1.50126,1.50136,1.50146,2.64536,2.6457,2.64605,N,N,N,N,N,N,N,,2025-09-08,5,5,5,5,21,5,42,5,64,0,4,4,N,8,0,0,0,0,0,,,,,,,11780552753,12945972593,13103576852,13528438827,14189025765,,,,,,,,,,,,235031,,,,,,,,,,,,,,,,,,,,,,,,,,,,,,,,,,,,,,GSAC
2025-09-09,L1600,FR001400AKT8,F849BNET4,SOCIETG,SOCIETE GENERALE SFH,EUR,Corporate,EuropeMiddleEastAfrica,SECDOM,2032-05-27,,1.98,12M,Fixed,N,N,,,,,,94.08221,94.26992,94.45808,0.37587,0.58044,94.66265,94.85036,95.03852,2.96496,2.93258,2.90019,6.47755,2.96496,2.932576824152943,2.90018905384893,2032-05-27,61.8615,,,,DE0001102580,D2R8H4JB6,DBR 0.0 02/15/32,2.34635,2.33896,2.33157,61.8615,59.3615,56.8615,51.15072,48.16234,45.16684,52.93181,49.78793,46.64306,58.53674,55.93099,53.32525,50.33124,0.05966,6.29665,6.29716,6.29768,6.11533,6.11776,6.12018,44.87924,44.91209,44.94496,70.26584,67.13433,64.00045,6.29791,6.29832,6.29873,41.316,41.31945,41.3229,N,N,N,N,N,N,N,51598,2025-09-08,5,5,5,4,21,4,42,4,64,0,4,3,N,7,0,0,0,0,0,,,,,,,11780552753,12945972593,13103576852,13528438827,14189025765,,,,,,,,,,,,51598,,,,2025-12-12,2.02747,2026-03-12,2.03171,2026-09-12,2.07319,2027-09-12,2.21163,2028-09-12,2.36417,2029-09-12,2.56083,2030-09-12,2.73687,2031-09-12,2.88987,2032-09-12,2.99669,2033-09-12,3.07941,2034-09-12,3.1399,2035-09-12,3.2327,2040-09-12,3.44748,2045-09-12,3.60868,2050-09-12,3.70258,2055-09-12,3.72367,2065-09-12,3.79203,GSAC
2025-09-09,L1600,FR0012697944,F849BNBQ3,SOCIETG,SOCIETE GENERALE SFH,EUR,Corporate,EuropeMiddleEastAfrica,SECDOM,2026-08-26,,0.43,12M,Fixed,N,N,,,,,,98.46293,98.48877,98.51463,0.0517,0.01885,98.48178,98.50762,98.53348,2.06895,2.04097,2.01299,5.59645,,,,,,,,,DE0001135044,D20658BD7,DBR 6.5 07/04/27,1.92865,1.92067,1.91268,14.03042,12.03042,10.03042,-3.54378,-6.25028,-8.95819,-3.57634,-6.30688,-9.03813,14.42681,13.20277,11.97877,-5.40229,0.00947,0.95616,0.95616,0.95616,0.93677,0.93703,0.93729,1.79532,1.79631,1.7973,,,,0.96099,0.96099,0.96099,0.92349,0.92349,0.92349,N,N,N,N,N,N,N,51598,2025-09-08,4,4,5,4,21,4,42,4,64,0,4,4,Y,8,0,0,0,0,0,,,,,,,11780552753,12945972593,13103576852,13528438827,14189025765,,,,,,,,,,,,51598,,,,2025-12-12,2.02747,2026-03-12,2.03171,2026-09-12,2.07319,2027-09-12,2.21163,2028-09-12,2.36417,2029-09-12,2.56083,2030-09-12,2.73687,2031-09-12,2.88987,2032-09-12,2.99669,2033-09-12,3.07941,2034-09-12,3.1399,2035-09-12,3.2327,2040-09-12,3.44748,2045-09-12,3.60868,2050-09-12,3.70258,2055-09-12,3.72367,2065-09-12,3.79203,GSAC
2025-09-09,L1600,FR0012697969,F849BNBS9,SOCIETG,SOCIETE GENERALE SFH,EUR,Corporate,EuropeMiddleEastAfrica,SECDOM,2027-09-27,,0.5,12M,Fixed,N,N,,,,,,96.60454,96.65847,96.71245,0.10791,0.47808,97.08262,97.13655,97.19053,2.21748,2.1895,2.16152,5.59645,,,,,,,,,DE0001135044,D20658BD7,DBR 6.5 07/04/27,1.92865,1.92067,1.91268,28.88355,26.88355,24.88355,12.21819,9.54637,6.87232,12.47812,9.74579,7.01271,28.68141,26.82338,24.96534,10.40539,0.01974,2.02851,2.02852,2.02853,1.98451,1.98506,1.98561,5.90401,5.90726,5.91052,,,,2.03263,2.03264,2.03265,4.15681,4.15683,4.15684,N,N,N,N,N,N,N,51598,2025-09-08,4,4,5,4,21,4,42,4,64,0,4,4,Y,8,0,0,0,0,0,,,,,,,11780552753,12945972593,13103576852,13528438827,14189025765,,,,,,,,,,,,51598,,,,2025-12-12,2.02747,2026-03-12,2.03171,2026-09-12,2.07319,2027-09-12,2.21163,2028-09-12,2.36417,2029-09-12,2.56083,2030-09-12,2.73687,2031-09-12,2.88987,2032-09-12,2.99669,2033-09-12,3.07941,2034-09-12,3.1399,2035-09-12,3.2327,2040-09-12,3.44748,2045-09-12,3.60868,2050-09-12,3.70258,2055-09-12,3.72367,2065-09-12,3.79203,GSAC
2025-09-09,L1600,DE000HV2AZ11,D850A8P58,UNICBABC,UniCredit Bk GmbH,EUR,Corporate,EuropeMiddleEastAfrica,SECDOM,2028-06-26,,3.33,12M,Fixed,N,N,,,,,,102.6687,102.75848,102.84837,0.17967,0.70249,103.37119,103.46097,103.55086,2.32827,2.29531,2.26235,6.59175,,,,,,,,,DE000BU25000,D2R8H4KC2,DBR 2.2 04/13/28,1.9474,1.93944,1.93148,38.0866,35.5866,33.0866,19.08433,15.80281,12.51731,18.63788,15.42403,12.20915,36.50666,33.96457,31.42248,16.18217,0.02794,2.69486,2.69491,2.69495,2.63354,2.63444,2.63533,9.65106,9.6575,9.66394,,,,2.70108,2.70112,2.70115,7.44459,7.44472,7.44486,N,N,N,N,Y,N,N,1302,2025-09-08,3,3,5,3,21,3,42,3,64,14,4,3,N,21,1,1,1,1,1,,,,,,,11780552753,12945972593,13103576852,13528438827,14189025765,,,,,,,,,,,,1302,,,,2025-12-12,2.0901,2026-03-12,2.11922,2026-09-12,2.18173,2027-09-12,2.21092,2028-09-12,2.36016,2029-09-12,2.48059,2030-09-12,2.55845,2031-09-12,2.72824,2032-09-12,2.8025,2033-09-12,2.92919,2034-09-12,3.1157,2035-09-12,3.24998,2040-09-12,3.57408,2045-09-12,3.7565,2050-09-12,3.85632,2055-09-12,3.89618,2065-09-12,3.9686,GSAC
2025-09-09,L1600,DE000HV2AZ29,D850A8P41,UNICBABC,UniCredit Bk GmbH,EUR,Corporate,EuropeMiddleEastAfrica,SECDOM,2028-09-26,,3.29,12M,Fixed,N,N,,,,,,102.68288,102.77849,102.87421,0.19133,3.15479,105.83767,105.93328,106.02901,2.36478,2.33244,2.3001,6.46772,,,,,,,,,DE0001102457,D2R8H4DM8,DBR 0.25 08/15/28,1.96324,1.9559,1.94856,40.15438,37.65438,35.15438,21.15424,17.93979,14.72129,20.67604,17.52323,14.36943,38.7347,36.20022,33.66575,18.22562,0.03033,2.85762,2.85774,2.85787,2.7916,2.79261,2.79361,10.89885,10.90627,10.91371,,,,2.86368,2.86378,2.86387,8.59735,8.59768,8.59802,N,N,N,N,N,N,N,1302,2025-09-08,4,4,5,4,21,4,42,4,64,0,4,3,Y,7,0,0,0,0,0,,,,,,,11780552753,12945972593,13103576852,13528438827,14189025765,,,,,,,,,,,,1302,,,,2025-12-12,2.0901,2026-03-12,2.11922,2026-09-12,2.18173,2027-09-12,2.21092,2028-09-12,2.36016,2029-09-12,2.48059,2030-09-12,2.55845,2031-09-12,2.72824,2032-09-12,2.8025,2033-09-12,2.92919,2034-09-12,3.1157,2035-09-12,3.24998,2040-09-12,3.57408,2045-09-12,3.7565,2050-09-12,3.85632,2055-09-12,3.89618,2065-09-12,3.9686,GSAC
2025-09-09,L1600,DE000HV2ARE7,D8509MHR0,UNICBABC,UniCredit Bk GmbH,EUR,Corporate,EuropeMiddleEastAfrica,SECDOM,2031-03-05,,0.937,12M,Fixed,N,N,,,,,,91.41664,91.4907,91.56483,0.14819,0.48775,91.9044,91.97845,92.05258,2.63941,2.62391,2.60841,3.09992,,,,,,,,,DE0001135176,D20658PR1,DBR 5.5 01/04/31,2.24832,2.24282,2.23732,39.10909,38.10909,37.10909,27.98303,26.56113,25.13784,29.47198,27.96292,26.45363,38.45946,37.53016,36.60085,28.5386,0.04908,5.3335,5.33358,5.33366,5.19635,5.19721,5.19807,32.55807,32.56848,32.57891,,,,5.33718,5.33731,5.33744,29.00733,29.0082,29.00908,N,N,N,N,N,N,N,1302,2025-09-08,4,3,5,3,21,3,42,3,64,0,4,3,Y,7,0,0,0,1,1,,,,,,,11780552753,12945972593,13103576852,13528438827,14189025765,,,,,,,,,,,,1302,,,,2025-12-12,2.0901,2026-03-12,2.11922,2026-09-12,2.18173,2027-09-12,2.21092,2028-09-12,2.36016,2029-09-12,2.48059,2030-09-12,2.55845,2031-09-12,2.72824,2032-09-12,2.8025,2033-09-12,2.92919,2034-09-12,3.1157,2035-09-12,3.24998,2040-09-12,3.57408,2045-09-12,3.7565,2050-09-12,3.85632,2055-09-12,3.89618,2065-09-12,3.9686,GSAC
2025-09-09,L1600,DE000HV2AZ37,D850A8P33,UNICBABC,UniCredit Bk GmbH,EUR,Corporate,EuropeMiddleEastAfrica,SECDOM,2033-09-26,,3.24,12M,Fixed,N,N,,,,,,101.83646,101.94784,102.05937,0.22291,3.10685,104.94331,105.05469,105.16622,2.97953,2.96393,2.94833,3.11954,,,,,,,,,DE000BU2Z015,D2R8H4KG3,DBR 2.6 08/15/33,2.49773,2.49214,2.48654,48.17948,47.17948,46.17948,46.76887,45.26406,43.75726,46.26327,44.74842,43.23333,47.06369,46.05135,45.039,43.75614,0.07358,7.00276,7.00351,7.00425,6.80015,6.80191,6.80366,57.48703,57.51184,57.53666,,,,6.99793,6.99915,7.00037,53.92103,53.93265,53.94426,N,N,N,N,N,N,N,,2025-09-08,5,5,5,5,21,5,42,5,64,0,4,2,N,6,0,0,0,0,0,,,,,,,11780552753,12945972593,13103576852,13528438827,14189025765,,,,,,,,,,,,193557,,,,2025-12-12,2.08328,2026-03-12,2.1124,2026-09-12,2.22288,2027-09-12,2.21249,2028-09-12,2.36174,2029-09-12,2.50034,2030-09-12,2.62616,2031-09-12,2.82471,2032-09-12,2.8747,2033-09-12,2.9726,2034-09-12,3.15328,2035-09-12,3.27821,2040-09-12,3.60231,2045-09-12,3.78473,2050-09-12,3.88455,2055-09-12,3.92441,2065-09-12,3.99684,GSAC
2025-09-09,L1600,FR001400AKS0,F849BNEU1,SOCIETG,SOCIETE GENERALE SFH,EUR,Corporate,EuropeMiddleEastAfrica,SECDOM,2031-05-27,,1.7,12M,Fixed,N,N,,,,,,94.04327,94.2006,94.35824,0.31497,0.49836,94.54163,94.69895,94.8566,2.8446,2.81324,2.78188,6.27188,,,,,,,,,DE0001102531,D2R8H4FW4,DBR 0.0 02/15/31,2.21858,2.21223,2.20587,62.60115,60.10115,57.60115,46.46133,43.5532,40.63921,48.07142,45.02376,41.97517,56.44913,53.95328,51.45743,45.7551,0.0516,5.45197,5.45224,5.45251,5.30118,5.30305,5.30493,34.08957,34.11247,34.13538,,,,5.45395,5.45417,5.45438,30.63251,30.6341,30.63568,N,N,N,N,N,N,N,51598,2025-09-08,4,4,5,4,21,4,42,4,64,0,4,3,Y,7,0,0,0,0,0,,,,,,,11780552753,12945972593,13103576852,13528438827,14189025765,,,,,,,,,,,,51598,,,,2025-12-12,2.02747,2026-03-12,2.03171,2026-09-12,2.07319,2027-09-12,2.21163,2028-09-12,2.36417,2029-09-12,2.56083,2030-09-12,2.73687,2031-09-12,2.88987,2032-09-12,2.99669,2033-09-12,3.07941,2034-09-12,3.1399,2035-09-12,3.2327,2040-09-12,3.44748,2045-09-12,3.60868,2050-09-12,3.70258,2055-09-12,3.72367,2065-09-12,3.79203,GSAC
2025-09-09,L1600,FR001400AKQ4,F849BNES6,SOCIETG,SOCIETE GENERALE SFH,EUR,Corporate,EuropeMiddleEastAfrica,SECDOM,2030-05-27,,1.62,12M,Fixed,N,N,,,,,,95.34584,95.45758,95.56949,0.22366,0.4749,95.82074,95.93249,96.0444,2.68478,2.65845,2.63212,5.26563,,,,,,,,,DE0001102499,D2R8H4ES4,DBR 0.0 02/15/30,2.13849,2.13217,2.12584,54.62871,52.62871,50.62871,38.63023,36.15583,33.67784,39.6413,37.07968,34.5174,51.57889,49.54448,47.51007,37.89511,0.04362,4.5452,4.54532,4.54544,4.42636,4.42761,4.42887,24.34249,24.35577,24.36907,,,,4.54921,4.54932,4.54944,21.16072,21.16141,21.1621,N,N,N,N,N,N,N,51598,2025-09-08,4,4,5,4,21,4,42,4,64,0,4,3,Y,7,0,0,0,0,0,,,,,,,11780552753,12945972593,13103576852,13528438827,14189025765,,,,,,,,,,,,51598,,,,2025-12-12,2.02747,2026-03-12,2.03171,2026-09-12,2.07319,2027-09-12,2.21163,2028-09-12,2.36417,2029-09-12,2.56083,2030-09-12,2.73687,2031-09-12,2.88987,2032-09-12,2.99669,2033-09-12,3.07941,2034-09-12,3.1399,2035-09-12,3.2327,2040-09-12,3.44748,2045-09-12,3.60868,2050-09-12,3.70258,2055-09-12,3.72367,2065-09-12,3.79203,GSAC
2025-09-09,L1600,AT000B078845,A6548JLR2,RLNW,RAIFFEISENLANDESBANK,EUR,Corporate,EuropeMiddleEastAfrica,SECDOM,2027-03-08,,,3M,Float,N,N,,,,,,99.8612,99.89818,99.93518,0.07398,0.02023,99.88144,99.91842,99.95541,2.38347,2.35818,2.3329,,2.38347,2.358183632729194,2.332902129684999,,,44,41.5,39,,,,,,,,,,32.52816,30.03597,27.54269,32.77628,30.25926,27.74208,47.04929,45.72617,44.40316,32.21056,0.01463,1.47287,1.47287,1.47288,1.46414,1.46424,1.46434,2.52692,2.52725,2.52758,,,,1.46444,1.46454,1.46463,2.52743,2.52776,2.52809,N,N,N,N,N,N,N,,2025-09-08,5,5,5,5,21,5,42,5,64,0,4,4,N,8,0,0,0,0,0,,,,,,,11780552753,12945972593,13103576852,13528438827,14189025765,,,,,,,,,,,,235031,,,,,,,,,,,,,,,,,,,,,,,,,,,,,,,,,,,,,,GSAC
2025-09-09,L1600,FR0013341237,F2850SAJ8,ARKEHOM,ARKEA HOME LNS SFH,EUR,Corporate,EuropeMiddleEastAfrica,SECDOM,2028-06-08,,3.35,12M,Fixed,N,N,,,,,,102.64013,102.73035,102.82068,0.18055,0.87192,103.51205,103.60227,103.6926,2.34105,2.30734,2.27364,6.74067,,,,,,,,,DE0001102440,D2R8H4DB2,DBR 0.5 02/15/28,1.91588,1.90717,1.89847,42.51683,40.01683,37.51683,20.65381,17.29863,13.93937,20.1822,16.89612,13.60897,37.99903,35.39477,32.79051,17.7024,0.02746,2.64501,2.64506,2.64511,2.58451,2.58541,2.58631,9.34768,9.35406,9.36044,,,,2.65114,2.65118,2.65121,7.17833,7.17847,7.1786,N,N,N,N,N,N,N,,2025-09-08,4,4,5,4,21,4,42,4,64,0,4,3,Y,7,0,0,0,0,0,,,,,,,11780552753,12945972593,13103576852,13528438827,14189025765,,,,,,,,,,,,20224,,,,2025-12-12,2.19036,2026-03-12,2.19502,2026-09-12,2.21982,2027-09-12,2.27329,2028-09-12,2.36523,2029-09-12,2.53876,2030-09-12,2.68892,2031-09-12,2.81584,2032-09-12,3.00185,2033-09-12,3.0786,2034-09-12,3.1511,2035-09-12,3.26653,2040-09-12,3.49867,2045-09-12,3.69863,2050-09-12,3.81542,2055-09-12,3.84477,2065-09-12,3.87439,GSAC
2025-09-09,L1600,BE0002683648,B5S3HZZQ1,KRCP-BankNV,KBC Bk,EUR,Corporate,EuropeMiddleEastAfrica,SECDOM,2030-02-12,,0.04,12M,Fixed,N,N,Dealer Books of Records,,,,,87.09961,87.15922,87.21887,0.11926,0.02312,87.12273,87.18234,87.24199,3.2163,3.20032,3.18434,3.1957,,,,,,,,,DE0001135143,D20658NX0,DBR 6.25 01/04/30,2.13131,2.12578,2.12025,108.49869,107.45377,106.40885,85.92329,84.52308,83.12169,92.98446,91.4381,89.8915,107.89004,106.90921,105.92838,94.30324,0.03941,4.41753,4.41753,4.41753,4.27987,4.28054,4.2812,22.4763,22.48327,22.49025,,,,4.42277,4.42277,4.42277,19.57391,19.57393,19.57395,N,N,N,Y,N,N,N,,2025-09-08,4,4,5,4,21,3,42,3,64,10,4,3,N,17,1,0,0,0,0,,,,,,,11780552753,12945972593,13103576852,13528438827,14189025765,,,,,,,,,,,,80244,,,,2025-12-12,1.99554,2026-03-12,2.01761,2026-09-12,2.09693,2027-09-12,2.26551,2028-09-12,2.30859,2029-09-12,2.57039,2030-09-12,2.86088,2031-09-12,3.1429,2032-09-12,3.3592,2033-09-12,3.53034,2034-09-12,3.66593,2035-09-12,3.7087,2040-09-12,4.0645,2045-09-12,4.25424,2050-09-12,4.42985,2055-09-12,4.50305,2065-09-12,4.53064,GSAC
2025-09-09,L1600,ES0413679459,E2R168EL6,BKTSM,Bankinter S A,EUR,Corporate,EuropeMiddleEastAfrica,SECDOM,2026-11-02,,,3M,Float,N,N,,,,,,99.68448,99.7129,99.74133,0.05685,0.25089,99.93537,99.96379,99.99222,2.45941,2.43411,2.4088,,2.45941,2.434108619650654,2.40880352138344,,,52.26946,49.76946,47.26946,,,,,,,,,,37.85013,35.36457,32.87815,38.11868,35.60968,33.10054,54.77137,53.62659,52.48195,38.67361,0.01123,1.13062,1.13062,1.13062,1.12371,1.12378,1.12386,1.55207,1.55226,1.55246,,,,1.12654,1.12661,1.12668,1.55597,1.55617,1.55637,N,N,N,Y,N,N,N,,2025-09-08,4,3,5,2,21,3,42,3,64,10,4,4,N,18,1,0,0,0,0,,,,,,,11780552753,12945972593,13103576852,13528438827,14189025765,,,,,,,,,,,,233546,,,,,,,,,,,,,,,,,,,,,,,,,,,,,,,,,,,,,,GSAC
2025-09-09,L1600,ES0413679517,E2R16JVA7,BKTSM,Bankinter S A,EUR,Corporate,EuropeMiddleEastAfrica,SECDOM,2032-10-05,,,3M,Float,N,N,Real-time Bank Feeds,,,,,99.98934,99.98967,99.99,0.00066,0.25119,100.24053,100.24086,100.24119,2.75883,2.75878,2.75873,,2.75883,2.758780501834312,2.758728149348499,,,44.95082,44.94579,44.94075,,,,,,,,,,27.68019,27.6752,27.67022,27.98468,27.97959,27.9745,36.66454,37.26365,37.8628,35.44111,0.06303,6.33164,6.33164,6.33164,6.28827,6.28827,6.28827,43.32698,43.327,43.32702,,,,6.30412,6.30412,6.30412,43.43602,43.43604,43.43606,N,N,N,N,N,N,N,,2025-09-08,5,5,5,4,21,4,42,4,64,0,4,2,N,6,0,0,0,0,0,,,,,,,11780552753,12945972593,13103576852,13528438827,14189025765,,,,,,,,,,,,245646,,,,,,,,,,,,,,,,,,,,,,,,,,,,,,,,,,,,,,GSAC
2025-09-09,L1600,ES0413679533,E2R16JVX7,BKTSM,Bankinter S A,EUR,Corporate,EuropeMiddleEastAfrica,SECDOM,2033-03-02,,,3M,Float,N,N,Dealer Runs,,,,,98.256,98.281,98.306,0.05,0.06403,98.32003,98.34502,98.37003,3.10993,3.10616,3.10239,,3.10993,3.106156239984692,3.10238754786285,,,75.45844,75.08806,74.71778,,,,,,,,,,65.04394,64.68495,64.32595,66.21281,65.8385,65.46429,67.85483,68.05424,68.25378,68.04124,0.06633,6.79656,6.79666,6.79677,6.74412,6.74429,6.74446,49.95533,49.95727,49.95921,,,,6.74858,6.74875,6.74892,49.98814,49.99007,49.99201,N,N,N,N,N,N,N,,2025-09-08,5,5,5,4,21,4,42,4,64,0,4,2,N,6,0,0,0,0,0,,,,,,,11780552753,12945972593,13103576852,13528438827,14189025765,,,,,,,,,,,,245646,,,,,,,,,,,,,,,,,,,,,,,,,,,,,,,,,,,,,,GSAC
2025-09-09,L1600,ES0413679384,E2R168AD8,BKTSM,Bankinter S A,EUR,Corporate,EuropeMiddleEastAfrica,SECDOM,2027-04-27,,,3M,Float,N,N,,,,,,100.09221,100.13251,100.17283,0.08062,0.32558,100.41779,100.45809,100.49841,2.46118,2.43587,2.41056,,2.46118,2.435872674810912,2.410561660769783,,,53.23626,50.73626,48.23626,,,,,,,,,,39.45945,36.96908,34.47754,39.70794,37.19433,34.68057,54.77067,53.37289,51.97521,39.884,0.01593,1.59495,1.59496,1.59496,1.58519,1.5853,1.58541,2.94103,2.94142,2.94181,,,,1.59035,1.59046,1.59056,2.9506,2.95099,2.95137,N,N,N,N,N,N,N,,2025-09-08,5,5,5,4,21,4,42,4,64,0,4,4,N,8,0,0,0,0,0,,,,,,,11780552753,12945972593,13103576852,13528438827,14189025765,,,,,,,,,,,,233546,,,,,,,,,,,,,,,,,,,,,,,,,,,,,,,,,,,,,,GSAC
2025-09-09,L1600,ES0413679400,E2R168BE5,BKTSM,Bankinter S A,EUR,Corporate,EuropeMiddleEastAfrica,SECDOM,2027-11-17,,,3M,Float,N,N,Real-time Bank Feeds,,,,,99.53979,99.5399,99.54,0.00021,0.1518,99.69159,99.6917,99.6918,2.51843,2.51838,2.51834,,2.51843,2.51838474056818,2.518335229410606,,,55.32479,55.3199,55.31501,,,,,,,,,,43.78827,43.78342,43.77856,44.24027,44.23534,44.23041,59.55965,60.44717,61.33474,46.40993,0.02121,2.14068,2.14068,2.14068,2.12729,2.12729,2.12729,5.12333,5.12333,5.12333,,,,2.13054,2.13054,2.13054,5.13114,5.13115,5.13115,N,N,N,N,N,N,N,,2025-09-08,5,5,5,4,21,4,42,4,64,0,4,3,N,7,0,0,0,0,0,,,,,,,11780552753,12945972593,13103576852,13528438827,14189025765,,,,,,,,,,,,233546,,,,,,,,,,,,,,,,,,,,,,,,,,,,,,,,,,,,,,GSAC
2025-09-09,L1600,DE000CB0HR19,D1706B8V1,CMZB,Commerzbank AG,EUR,Corporate,EuropeMiddleEastAfrica,SECDOM,2026-03-17,,,3M,Float,N,N,,,,,,100.4292,100.44223,100.45528,0.02608,0.69373,101.12293,101.13597,101.14901,2.031,2.00566,1.98031,,2.031,2.005658030433821,1.980312739320311,,,7.08066,4.58066,2.08066,,,,,,,,,,-10.16441,-12.69073,-15.21754,-10.1328,-12.65045,-15.16825,11.15669,11.17697,11.19775,-10.8696,0.00515,0.51128,0.51128,0.51128,0.50869,0.50873,0.50876,0.38749,0.38754,0.38759,,,,0.51221,0.51224,0.51227,0.39017,0.39022,0.39027,N,N,N,N,N,N,N,,2025-09-08,5,5,5,5,21,5,42,5,64,0,4,4,N,8,0,0,0,0,0,,0,0,0,0,0,11780552753,12945972593,13103576852,13528438827,14189025765,,,,,,,,,,,,15072,,,,,,,,,,,,,,,,,,,,,,,,,,,,,,,,,,,,,,GSAC
2025-09-09,L1600,ES0413679442,E2R168DM5,BKTSM,Bankinter S A,EUR,Corporate,EuropeMiddleEastAfrica,SECDOM,2029-09-17,,,3M,Float,N,N,Real-time Bank Feeds,,,,,98.87481,98.87491,98.875,0.00019,0.5504,99.42521,99.42531,99.4254,2.68937,2.68935,2.68932,,2.68937,2.689347365485606,2.689322226038104,,,59.15817,59.15569,59.15321,,,,,,,,,,47.24593,47.2435,47.24106,47.93707,47.93458,47.93209,61.31509,61.94618,62.5773,50.92412,0.03779,3.82632,3.82632,3.82632,3.80076,3.80076,3.80076,15.8697,15.86971,15.86971,,,,3.82193,3.82193,3.82193,15.95807,15.95808,15.95808,N,N,N,Y,N,N,N,,2025-09-08,4,3,5,2,21,3,42,3,64,10,4,3,N,17,1,0,0,0,0,,,,,,,11780552753,12945972593,13103576852,13528438827,14189025765,,,,,,,,,,,,233546,,,,,,,,,,,,,,,,,,,,,,,,,,,,,,,,,,,,,,GSAC
2025-09-09,L1600,XS1048658105,E0000UAB4,ABENGFI,Abengoa Fin SAU,EUR,Corporate,EuropeMiddleEastAfrica,SNRFOR,2027-03-31,,0,12M,Stepup,N,N,,,,,,1,1.01,1.02,0.02,,1,1.01,1.02,,1818.38716,1786.38261,,,,,,,,,,,,,,,,,,,,,,,,,,,,,,,,,,,,,,,,,,,,,,,,N,N,N,N,N,N,N,,2025-09-08,5,5,5,5,21,5,42,5,64,0,4,4,N,8,0,0,0,0,0,,0,0,0,0,0,2556904064,2779321572,3079633572,3322216637,4140606637,,,,,,,,,,,,233065,,,,,,,,,,,,,,,,,,,,,,,,,,,,,,,,,,,,,,GSAC
2025-09-09,L1600,ES0414950644,E2420FCF4,CAXBNK,CaixaBank SA,EUR,Corporate,EuropeMiddleEastAfrica,SECDOM,2036-03-24,,4.125,12M,Fixed,N,N,Real-time Bank Feeds,Index Constituent Contributions,,,,107.50561,107.69651,107.88782,0.38221,1.93253,109.43814,109.62904,109.82035,3.26925,3.24851,3.22777,4.1483,,,,,,,,,DE0001135366,D20659KP8,DBR 4.75 07/04/40,2.97665,2.97365,2.97065,29.26038,27.48586,25.71133,63.91224,61.8762,59.83574,61.31016,59.29847,57.28639,52.97246,51.36249,49.75251,56.44481,0.09502,8.67538,8.67737,8.67936,8.40074,8.40435,8.40797,87.98816,88.04925,88.11036,,,,8.64531,8.64781,8.6503,84.73924,84.77128,84.8033,N,Y,Y,Y,Y,N,N,,2025-09-08,2,2,5,2,21,2,42,2,64,20,4,2,N,26,4,2,4,1,4,,35310000,369320000,838428000,1963209000,2278274000,11780552753,12945972593,13103576852,13528438827,14189025765,,,,,,,,,,,,1172,,,,2025-12-12,2.17888,2026-03-12,2.16828,2026-09-12,2.17075,2027-09-12,2.20297,2028-09-12,2.27605,2029-09-12,2.42489,2030-09-12,2.56921,2031-09-12,2.71464,2032-09-12,2.84142,2033-09-12,2.96925,2034-09-12,3.07444,2035-09-12,3.21774,2040-09-12,3.61475,2045-09-12,3.78346,2050-09-12,3.88193,2055-09-12,3.9168,2065-09-12,3.98726,GSAC
2025-09-09,L1600,BE0390134972,B533A5NH4,KRCP-BankNV,KBC Bk,EUR,Corporate,EuropeMiddleEastAfrica,SECDOM,2030-06-04,,3.124,12M,Fixed,N,N,,,,,,101.49067,101.56425,101.63791,0.14724,0.84733,102.338,102.41159,102.48524,2.78129,2.76465,2.748,3.32938,,,,,,,,,DE0001102499,D2R8H4ES4,DBR 0.0 02/15/30,2.13849,2.13217,2.12584,64.27987,63.24799,62.21612,49.87379,48.25153,46.6278,49.19888,47.58071,45.96229,60.98703,59.91932,58.8516,48.34351,0.04549,4.43753,4.43766,4.43779,4.31745,4.31828,4.3191,23.59529,23.6038,23.61231,,,,4.44021,4.44041,4.4406,20.51708,20.51827,20.51947,N,N,N,N,N,N,N,,2025-09-08,5,5,5,5,21,5,42,5,64,0,4,3,N,7,0,0,0,0,0,,,,,,,11780552753,12945972593,13103576852,13528438827,14189025765,,,,,,,,,,,,80244,,,,2025-12-12,1.99554,2026-03-12,2.01761,2026-09-12,2.09693,2027-09-12,2.26551,2028-09-12,2.30859,2029-09-12,2.57039,2030-09-12,2.86088,2031-09-12,3.1429,2032-09-12,3.3592,2033-09-12,3.53034,2034-09-12,3.66593,2035-09-12,3.7087,2040-09-12,4.0645,2045-09-12,4.25424,2050-09-12,4.42985,2055-09-12,4.50305,2065-09-12,4.53064,GSAC
2025-09-09,L1600,ES0413679574,E2R16JZD7,BKTSM,Bankinter S A,EUR,Corporate,EuropeMiddleEastAfrica,SECDOM,2034-02-13,,,3M,Float,N,N,,,,,,99.969,99.994,100.019,0.05,0.22386,100.19286,100.21786,100.24286,3.16367,3.16031,3.15695,,3.16367,3.160308867256312,3.1569474804086,,,75.23347,74.90374,74.5741,,,,,,,,,,64.9466,64.62427,64.30193,65.48142,65.1477,64.81407,64.80753,64.98437,65.16133,66.94436,0.07436,7.47869,7.47884,7.47898,7.42,7.42021,7.42042,61.15909,61.16163,61.16417,,,,7.43671,7.43691,7.43711,61.29644,61.29895,61.30146,N,N,N,N,N,N,N,,2025-09-08,5,5,5,4,21,4,42,4,64,0,4,2,N,6,0,0,0,0,0,,,,,,,11780552753,12945972593,13103576852,13528438827,14189025765,,,,,,,,,,,,245646,,,,,,,,,,,,,,,,,,,,,,,,,,,,,,,,,,,,,,GSAC
2025-09-09,L1600,DE000CB0HR19,D1706B8V1,CMZB,Commerzbank AG,EUR,Corporate,EuropeMiddleEastAfrica,SECDOM,2026-03-17,,,3M,Float,N,N,,,,,,100.4292,100.44223,100.45528,0.02608,0.69373,101.12293,101.13597,101.14901,2.031,2.00566,1.98031,,2.031,2.005658030433821,1.980312739320311,,,7.08066,4.58066,2.08066,,,,,,,,,,-10.16441,-12.69073,-15.21754,-10.1328,-12.65045,-15.16825,11.15669,11.17697,11.19775,-10.8696,0.00515,0.51128,0.51128,0.51128,0.50869,0.50873,0.50876,0.38749,0.38754,0.38759,,,,0.51221,0.51224,0.51227,0.39017,0.39022,0.39027,N,N,N,N,N,N,N,,2025-09-08,5,5,5,5,21,5,42,5,64,0,4,4,N,8,0,0,0,0,0,,0,0,0,0,0,11780552753,12945972593,13103576852,13528438827,14189025765,,,,,,,,,,,,15072,,,,,,,,,,,,,,,,,,,,,,,,,,,,,,,,,,,,,,GSAC
2025-09-09,L1600,DE000CB0HR27,D1706B8X7,CMZB,Commerzbank AG,EUR,Corporate,EuropeMiddleEastAfrica,SECDOM,2026-03-17,,,3M,Float,N,N,,,,,,100.4292,100.44223,100.45528,0.02608,0.69373,101.12293,101.13597,101.14901,2.031,2.00566,1.98031,,2.031,2.005658030433821,1.980312739320311,,,7.08066,4.58066,2.08066,,,,,,,,,,-10.16441,-12.69073,-15.21754,-10.1328,-12.65045,-15.16825,11.15669,11.17697,11.19775,-10.8696,0.00515,0.51128,0.51128,0.51128,0.50869,0.50873,0.50876,0.38749,0.38754,0.38759,,,,0.51221,0.51224,0.51227,0.39017,0.39022,0.39027,N,N,N,N,N,N,N,,2025-09-08,5,5,5,5,21,5,42,5,64,0,4,4,N,8,0,0,0,0,0,,0,0,0,0,0,11780552753,12945972593,13103576852,13528438827,14189025765,,,,,,,,,,,,15072,,,,,,,,,,,,,,,,,,,,,,,,,,,,,,,,,,,,,,GSAC
2025-09-09,L1600,DE000CB0HR50,D1706B8Z2,CMZB,Commerzbank AG,EUR,Corporate,EuropeMiddleEastAfrica,SECDOM,2026-04-08,,,3M,Float,N,N,,,,,,100.467,100.48149,100.49599,0.02899,0.51982,100.98682,101.00131,101.01581,2.03879,2.01348,1.98816,,2.03879,2.013476702809846,1.988158948120766,,,7.43491,4.93491,2.43491,,,,,,,,,,-9.34392,-11.85786,-14.3723,-9.32146,-11.82849,-14.33568,12.03862,11.92579,11.81341,-9.3987,0.00572,0.56964,0.56964,0.56965,0.56676,0.56679,0.56683,0.46436,0.46442,0.46448,,,,0.56969,0.56972,0.56976,0.46676,0.46682,0.46688,N,N,N,N,N,N,N,,2025-09-08,5,5,5,5,21,5,42,5,64,0,4,4,N,8,0,0,0,0,0,,0,0,0,0,0,11780552753,12945972593,13103576852,13528438827,14189025765,,,,,,,,,,,,15072,,,,,,,,,,,,,,,,,,,,,,,,,,,,,,,,,,,,,,GSAC
2025-09-09,L1600,DE000CZ45W73,D1706CCY8,CMZB,Commerzbank AG,EUR,Corporate,EuropeMiddleEastAfrica,SECDOM,2026-07-22,,,3M,Float,N,N,,,,,,100.32045,100.34225,100.36407,0.04362,0.33266,100.6531,100.67491,100.69672,2.05912,2.03373,2.00834,,2.05912,2.033733115463398,2.00834208627576,,,9.12884,6.62884,4.12884,,,,,,,,,,-2.79394,-5.31938,-7.84552,-2.80831,-5.33855,-7.86894,14.56226,13.79368,13.02534,-4.11026,0.00859,0.85758,0.85758,0.85758,0.85319,0.85324,0.8533,0.94528,0.9454,0.94552,,,,0.85602,0.85607,0.85613,0.94841,0.94853,0.94865,N,N,N,N,N,N,N,,2025-09-08,5,5,5,5,21,5,42,5,64,0,4,4,N,8,0,0,0,0,0,,0,0,0,0,0,11780552753,12945972593,13103576852,13528438827,14189025765,,,,,,,,,,,,15072,,,,,,,,,,,,,,,,,,,,,,,,,,,,,,,,,,,,,,GSAC
2025-09-09,L1600,DE000CZ45YM8,D1706CJE5,CMZB,Commerzbank AG,EUR,Corporate,EuropeMiddleEastAfrica,SECDOM,2033-05-10,,,3M,Float,N,N,,,,,,99.77547,99.95222,100.12931,0.35384,0.20916,99.98463,100.16138,100.33847,2.74358,2.71812,2.69266,,2.74358,2.718121282056973,2.69266127614296,,,37.96978,35.46978,32.96978,,,,,,,,,,28.20655,25.72508,23.23881,28.47896,25.94863,23.41814,29.39364,27.41099,25.42837,27.02864,0.06949,6.98413,6.98488,6.98562,6.93656,6.93773,6.93891,52.74074,52.75461,52.76847,,,,6.95117,6.95232,6.95347,52.85159,52.86529,52.87899,N,N,N,N,N,N,N,,2025-09-08,5,5,5,5,21,5,42,5,64,0,4,2,N,6,0,0,0,0,0,,0,0,0,0,0,11780552753,12945972593,13103576852,13528438827,14189025765,,,,,,,,,,,,15072,,,,,,,,,,,,,,,,,,,,,,,,,,,,,,,,,,,,,,GSAC
2025-09-09,L1600,DE000CZ45YU1,D1706CJT2,CMZB,Commerzbank AG,EUR,Corporate,EuropeMiddleEastAfrica,SECDOM,2034-07-12,,,3M,Float,N,N,,,,,,99.56093,99.76136,99.96223,0.40129,0.40006,99.96099,100.16142,100.36228,2.85595,2.83042,2.80489,,2.85595,2.830423551612781,2.804892173451456,,,41.49041,38.99041,36.49041,,,,,,,,,,31.90034,29.42232,26.93881,32.2403,29.70344,27.16644,30.84715,28.78125,26.71538,30.47016,0.07859,7.90051,7.90166,7.90281,7.8445,7.84614,7.84778,67.97585,67.9972,68.01854,,,,7.87612,7.87771,7.87929,68.24948,68.27037,68.29125,N,N,N,N,N,N,N,,2025-09-08,5,5,5,5,21,5,42,5,64,0,4,2,N,6,0,0,0,0,0,,0,0,0,0,0,11780552753,12945972593,13103576852,13528438827,14189025765,,,,,,,,,,,,15072,,,,,,,,,,,,,,,,,,,,,,,,,,,,,,,,,,,,,,GSAC
2025-09-09,L1600,ES0413900731,E2R99DKH7,SANTNDR,Bco SANTANDER SA,EUR,Corporate,EuropeMiddleEastAfrica,SECDOM,2031-06-29,,0.19,12M,Fixed,N,N,,,,,,86.58778,86.74045,86.89344,0.30565,0.03852,86.6263,86.77897,86.93196,2.7221,2.69073,2.65937,6.27273,2.7221,2.690732423236425,2.659368796563902,2031-06-29,49.29049,,,,DE0001102531,D2R8H4FW4,DBR 0.0 02/15/31,2.22919,2.22283,2.21646,49.29049,46.79049,44.29049,32.14745,29.36633,26.57944,34.80249,31.75239,28.70135,43.19367,40.70513,38.21659,32.82231,0.05001,5.76617,5.76621,5.76624,5.61337,5.61512,5.61687,37.08289,37.10582,37.12878,52.82495,49.78115,46.73538,5.77285,5.77288,5.77291,33.44104,33.44125,33.44147,N,N,N,N,N,N,N,243,2025-09-08,4,4,5,4,21,4,42,4,64,0,4,3,Y,7,0,0,0,0,0,,53424000,443877000,1412102426,3017923426,4808649426,11780552753,12945972593,13103576852,13528438827,14189025765,,,,,,,,,,,,243,,,,2025-12-12,1.97833,2026-03-12,1.97839,2026-09-12,2.01428,2027-09-12,2.19685,2028-09-12,2.31402,2029-09-12,2.42461,2030-09-12,2.61452,2031-09-12,2.74992,2032-09-12,2.7887,2033-09-12,2.89558,2034-09-12,2.9746,2035-09-12,3.09938,2040-09-12,3.40913,2045-09-12,3.58007,2050-09-12,3.65831,2055-09-12,3.68343,2065-09-12,3.77738,GSAC
2025-09-09,L1600,ES0413900731,E2R99DKH7,SANTNDR,Bco SANTANDER SA,EUR,Corporate,EuropeMiddleEastAfrica,SECDOM,2031-06-29,,0.19,12M,Fixed,N,N,,,,,,86.58778,86.74045,86.89344,0.30565,0.03852,86.6263,86.77897,86.93196,2.7221,2.69073,2.65937,6.27273,2.7221,2.690732423236425,2.659368796563902,2031-06-29,49.29049,,,,DE0001102531,D2R8H4FW4,DBR 0.0 02/15/31,2.22919,2.22283,2.21646,49.29049,46.79049,44.29049,32.14745,29.36633,26.57944,34.80249,31.75239,28.70135,43.19367,40.70513,38.21659,32.82231,0.05001,5.76617,5.76621,5.76624,5.61337,5.61512,5.61687,37.08289,37.10582,37.12878,52.82495,49.78115,46.73538,5.77285,5.77288,5.77291,33.44104,33.44125,33.44147,N,N,N,N,N,N,N,243,2025-09-08,4,4,5,4,21,4,42,4,64,0,4,3,Y,7,0,0,0,0,0,,53424000,443877000,1412102426,3017923426,4808649426,11780552753,12945972593,13103576852,13528438827,14189025765,,,,,,,,,,,,243,,,,2025-12-12,1.97833,2026-03-12,1.97839,2026-09-12,2.01428,2027-09-12,2.19685,2028-09-12,2.31402,2029-09-12,2.42461,2030-09-12,2.61452,2031-09-12,2.74992,2032-09-12,2.7887,2033-09-12,2.89558,2034-09-12,2.9746,2035-09-12,3.09938,2040-09-12,3.40913,2045-09-12,3.58007,2050-09-12,3.65831,2055-09-12,3.68343,2065-09-12,3.77738,GSAC
2025-09-09,L1600,BE0002937184,B533A5K53,KRCP-BankNV,KBC Bk,EUR,Corporate,EuropeMiddleEastAfrica,SECDOM,2031-04-26,,3.295,12M,Fixed,N,N,,,,,,101.3113,101.39418,101.47715,0.16585,1.24578,102.55708,102.63996,102.72293,3.0355,3.01939,3.00329,3.22155,,,,,,,,,DE0001102531,D2R8H4FW4,DBR 0.0 02/15/31,2.22919,2.22283,2.21646,80.63094,79.65653,78.68212,68.57698,67.02331,65.46807,67.41838,65.85727,64.29591,76.48412,75.50618,74.52824,67.01171,0.05309,5.16705,5.16728,5.16751,5.01482,5.01583,5.01684,31.41137,31.42295,31.43454,,,,5.17052,5.17089,5.17126,28.23262,28.23523,28.23785,N,N,N,N,N,N,N,,2025-09-08,5,5,5,4,21,4,42,4,64,0,4,3,N,7,0,0,0,0,0,,,,,,,11780552753,12945972593,13103576852,13528438827,14189025765,,,,,,,,,,,,80244,,,,2025-12-12,1.99554,2026-03-12,2.01761,2026-09-12,2.09693,2027-09-12,2.26551,2028-09-12,2.30859,2029-09-12,2.57039,2030-09-12,2.86088,2031-09-12,3.1429,2032-09-12,3.3592,2033-09-12,3.53034,2034-09-12,3.66593,2035-09-12,3.7087,2040-09-12,4.0645,2045-09-12,4.25424,2050-09-12,4.42985,2055-09-12,4.50305,2065-09-12,4.53064,GSAC
2025-09-09,L1600,ES0413900640,E2R99DBE4,SANTNDR,Bco SANTANDER SA,EUR,Corporate,EuropeMiddleEastAfrica,SECDOM,2027-04-17,,,6M,Float,N,N,,,,,,98.45054,98.4893,98.52807,0.07753,1.04697,99.49751,99.53626,99.57504,3.37984,3.3545,3.32917,,3.37984,3.354501551118849,3.329168156947748,,,134.53846,132.03846,129.53846,,,,,,,,,,128.11035,125.67117,123.23074,128.24612,125.7659,123.28538,146.18827,144.80806,143.42793,131.84945,0.0153,1.56304,1.56305,1.56306,1.53707,1.53727,1.53747,3.15933,3.16015,3.16096,,,,1.55342,1.55361,1.55381,3.19293,3.19374,3.19455,N,N,N,N,N,N,N,,2025-09-08,5,5,5,5,21,5,42,5,64,0,4,4,N,8,0,0,0,0,0,,53424000,443877000,1412102426,3017923426,4808649426,11780552753,12945972593,13103576852,13528438827,14189025765,,,,,,,,,,,,200361,,,,,,,,,,,,,,,,,,,,,,,,,,,,,,,,,,,,,,GSAC
2025-09-09,L1600,ES0413900640,E2R99DBE4,SANTNDR,Bco SANTANDER SA,EUR,Corporate,EuropeMiddleEastAfrica,SECDOM,2027-04-17,,,6M,Float,N,N,,,,,,98.45054,98.4893,98.52807,0.07753,1.04697,99.49751,99.53626,99.57504,3.37984,3.3545,3.32917,,3.37984,3.354501551118849,3.329168156947748,,,134.53846,132.03846,129.53846,,,,,,,,,,128.11035,125.67117,123.23074,128.24612,125.7659,123.28538,146.18827,144.80806,143.42793,131.84945,0.0153,1.56304,1.56305,1.56306,1.53707,1.53727,1.53747,3.15933,3.16015,3.16096,,,,1.55342,1.55361,1.55381,3.19293,3.19374,3.19455,N,N,N,N,N,N,N,,2025-09-08,5,5,5,5,21,5,42,5,64,0,4,4,N,8,0,0,0,0,0,,53424000,443877000,1412102426,3017923426,4808649426,11780552753,12945972593,13103576852,13528438827,14189025765,,,,,,,,,,,,200361,,,,,,,,,,,,,,,,,,,,,,,,,,,,,,,,,,,,,,GSAC
2025-09-09,L1600,FR001400UO44,,ARKEHOM,ARKEA HOME LNS SFH,EUR,Corporate,EuropeMiddleEastAfrica,SECDOM,2034-12-10,,3.4,12M,Fixed,N,N,,,,,,101.73479,101.97538,102.21666,0.48187,2.56164,104.29643,104.53703,104.77831,3.17926,3.14919,3.11912,6.01391,,,,,,,,,DE000BU2Z031,D2R8H4LD9,DBR 2.6 08/15/34,2.58601,2.58094,2.57587,59.32524,56.82524,54.32524,59.19944,56.32709,53.44654,58.55548,55.63928,52.72222,56.39095,53.86832,51.34569,54.18678,0.08248,7.90427,7.90628,7.90829,7.66072,7.6649,7.66908,72.59328,72.65847,72.72369,,,,7.89145,7.89317,7.89489,69.24133,69.26048,69.27961,N,N,N,N,N,N,N,,2025-09-08,5,5,5,5,21,5,42,5,64,0,4,2,N,6,0,0,0,0,0,,,,,,,11780552753,12945972593,13103576852,13528438827,14189025765,,,,,,,,,,,,20224,,,,2025-12-12,2.19036,2026-03-12,2.19502,2026-09-12,2.21982,2027-09-12,2.27329,2028-09-12,2.36523,2029-09-12,2.53876,2030-09-12,2.68892,2031-09-12,2.81584,2032-09-12,3.00185,2033-09-12,3.0786,2034-09-12,3.1511,2035-09-12,3.26653,2040-09-12,3.49867,2045-09-12,3.69863,2050-09-12,3.81542,2055-09-12,3.84477,2065-09-12,3.87439,GSAC
2025-09-09,L1600,FR001400UO51,,ARKEHOM,ARKEA HOME LNS SFH,EUR,Corporate,EuropeMiddleEastAfrica,SECDOM,2032-12-10,,3.3,12M,Fixed,N,N,,,,,,101.78635,101.99117,102.1965,0.41016,2.4863,104.27265,104.47748,104.6828,3.02042,2.98892,2.95742,6.29993,,,,,,,,,DE0001102606,D2R8H4JD2,DBR 1.7 08/15/32,2.38739,2.38089,2.37439,63.30275,60.80275,58.30275,56.11423,53.07533,50.02902,55.42663,52.36931,49.31106,58.88889,56.34155,53.79421,52.03838,0.06699,6.41665,6.41773,6.41881,6.22852,6.23148,6.23443,48.17004,48.20941,48.24881,,,,6.41339,6.41426,6.41514,44.69041,44.69808,44.70574,N,N,N,N,N,N,N,,2025-09-08,4,4,5,4,21,4,42,4,64,0,4,2,Y,6,0,0,0,0,0,,,,,,,11780552753,12945972593,13103576852,13528438827,14189025765,,,,,,,,,,,,20224,,,,2025-12-12,2.19036,2026-03-12,2.19502,2026-09-12,2.21982,2027-09-12,2.27329,2028-09-12,2.36523,2029-09-12,2.53876,2030-09-12,2.68892,2031-09-12,2.81584,2032-09-12,3.00185,2033-09-12,3.0786,2034-09-12,3.1511,2035-09-12,3.26653,2040-09-12,3.49867,2045-09-12,3.69863,2050-09-12,3.81542,2055-09-12,3.84477,2065-09-12,3.87439,GSAC
2025-09-09,L1600,ES0440609180,E2R193FV1,CAXBNK,CaixaBank SA,EUR,Corporate,EuropeMiddleEastAfrica,SECDOM,2028-07-17,,,6M,Float,N,N,,,,,,109.48172,109.5546,109.62755,0.14583,0.98451,110.46623,110.53911,110.61206,2.83292,2.80765,2.78239,,2.83292,2.807652352902989,2.782389491252379,,,81,78.5,76,,,,,,,,,,74.25167,71.64619,69.03858,70.35881,67.86549,65.37186,87.67778,85.88378,84.08982,70.14744,0.02886,2.6477,2.64779,2.64787,2.61072,2.61113,2.61154,8.43376,8.4362,8.43864,,,,2.63421,2.6346,2.635,8.50961,8.51202,8.51444,N,N,N,N,N,N,N,,2025-09-08,5,5,5,5,21,5,42,5,64,0,4,3,N,7,0,0,0,0,0,,35310000,369320000,838428000,1963209000,2278274000,11780552753,12945972593,13103576852,13528438827,14189025765,,,,,,,,,,,,209732,,,,,,,,,,,,,,,,,,,,,,,,,,,,,,,,,,,,,,GSAC
2025-09-09,L1600,BE0390183490,B533A2EJ7,KRCP-BankNV,KBC Bk,EUR,Corporate,EuropeMiddleEastAfrica,SECDOM,2031-11-24,,2.917,12M,Fixed,N,N,Dealer Runs,,,,,101.77096,101.94806,102.12553,0.35457,1.8461,103.61706,103.79416,103.97163,2.60349,2.57257,2.54166,6.18299,,,,,,,,,DE0001102564,D206593K8,DBR 0.0 08/15/31,2.27849,2.27257,2.26666,32.5,30,27.5,21.92434,18.89392,15.85708,21.6614,18.64912,15.63593,27.17029,24.73452,22.29874,18.00681,0.05677,5.6665,5.66711,5.66772,5.52271,5.52497,5.52723,37.80361,37.83134,37.85909,,,,5.65146,5.65198,5.65249,34.02322,34.0271,34.03098,N,N,N,N,N,N,N,,2025-09-08,5,5,5,5,21,5,42,5,64,0,4,3,N,7,0,0,0,0,0,,,,,,,11780552753,12945972593,13103576852,13528438827,14189025765,,,,,,,,,,,,80244,,,,2025-12-12,1.99554,2026-03-12,2.01761,2026-09-12,2.09693,2027-09-12,2.26551,2028-09-12,2.30859,2029-09-12,2.57039,2030-09-12,2.86088,2031-09-12,3.1429,2032-09-12,3.3592,2033-09-12,3.53034,2034-09-12,3.66593,2035-09-12,3.7087,2040-09-12,4.0645,2045-09-12,4.25424,2050-09-12,4.42985,2055-09-12,4.50305,2065-09-12,4.53064,GSAC
2025-09-09,L1600,BE0390204700,B533A2GV8,KRCP-BankNV,KBC Bk,EUR,Corporate,EuropeMiddleEastAfrica,SECDOM,2032-03-14,,3.03,12M,Fixed,N,N,,,,,,98.70871,98.89473,99.08118,0.37247,1.50255,100.21126,100.39728,100.58373,3.25137,3.21898,3.18659,6.47755,,,,,,,,,DE0001102580,D2R8H4JB6,DBR 0.0 02/15/32,2.34635,2.33896,2.33157,90.50185,88.00185,85.50185,82.21626,79.17004,76.11685,82.36884,79.23485,76.09988,89.08959,86.49292,83.89625,80.44214,0.05928,5.91109,5.9118,5.9125,5.72495,5.72743,5.72992,40.4393,40.47069,40.50211,,,,5.90999,5.91055,5.91112,37.21564,37.22021,37.22477,N,N,N,N,N,N,N,,2025-09-08,5,5,5,5,21,5,42,5,64,0,4,3,N,7,0,0,0,0,0,,,,,,,11780552753,12945972593,13103576852,13528438827,14189025765,,,,,,,,,,,,80244,,,,2025-12-12,1.99554,2026-03-12,2.01761,2026-09-12,2.09693,2027-09-12,2.26551,2028-09-12,2.30859,2029-09-12,2.57039,2030-09-12,2.86088,2031-09-12,3.1429,2032-09-12,3.3592,2033-09-12,3.53034,2034-09-12,3.66593,2035-09-12,3.7087,2040-09-12,4.0645,2045-09-12,4.25424,2050-09-12,4.42985,2055-09-12,4.50305,2065-09-12,4.53064,GSAC
2025-09-09,L1600,FR0013184231,F849BNCC3,SOCIETG,SOCIETE GENERALE SFH,EUR,Corporate,EuropeMiddleEastAfrica,SECDOM,2031-06-24,,1.15,12M,Fixed,N,N,,,,,,91.01802,91.16987,91.32202,0.304,0.2489,91.26692,91.41877,91.57092,2.85633,2.82583,2.79533,6.09992,2.85633,2.825833167050816,2.795333582560917,2031-06-24,60.80134,,,,DE0001135176,D20658PR1,DBR 5.5 01/04/31,2.24832,2.24282,2.23732,60.80134,58.30134,55.80134,45.93748,43.16519,40.38738,48.46919,45.50545,42.54083,56.76968,54.36637,51.96307,46.43578,0.0512,5.60539,5.60557,5.60576,5.44972,5.45152,5.45332,35.59269,35.61529,35.63792,66.26347,63.30682,60.34844,5.60788,5.60804,5.60819,32.08275,32.08391,32.08507,N,N,N,N,N,N,N,51598,2025-09-08,4,4,5,4,21,4,42,4,64,0,4,3,Y,7,0,0,0,0,0,,,,,,,11780552753,12945972593,13103576852,13528438827,14189025765,,,,,,,,,,,,51598,,,,2025-12-12,2.02747,2026-03-12,2.03171,2026-09-12,2.07319,2027-09-12,2.21163,2028-09-12,2.36417,2029-09-12,2.56083,2030-09-12,2.73687,2031-09-12,2.88987,2032-09-12,2.99669,2033-09-12,3.07941,2034-09-12,3.1399,2035-09-12,3.2327,2040-09-12,3.44748,2045-09-12,3.60868,2050-09-12,3.70258,2055-09-12,3.72367,2065-09-12,3.79203,GSAC
2025-09-09,L1600,FR0014000A59,F849BNEC1,SOCIETG,SOCIETE GENERALE SFH,EUR,Corporate,EuropeMiddleEastAfrica,SECDOM,2031-06-24,,0,12M,Fixed,N,N,,,,,,84.96911,85.11497,85.26113,0.29203,0,84.96911,85.11497,85.26113,2.85633,2.82583,2.79533,6.09992,2.85633,2.825833167050816,2.795333582560917,2031-06-24,60.80134,,,,DE0001135176,D20658PR1,DBR 5.5 01/04/31,2.24832,2.24282,2.23732,60.80134,58.30134,55.80134,43.71958,41.05653,38.38811,48.02058,45.05706,42.09266,56.76968,54.36637,51.96307,46.43578,0.04917,5.78356,5.78356,5.78356,5.62295,5.62462,5.62629,37.08438,37.10639,37.12841,65.75866,62.80186,59.84332,5.78785,5.78785,5.78785,33.49891,33.49891,33.49891,N,N,N,N,N,N,N,51598,2025-09-08,4,4,5,4,21,4,42,4,64,0,4,3,Y,7,0,0,0,0,0,,,,,,,11780552753,12945972593,13103576852,13528438827,14189025765,,,,,,,,,,,,51598,,,,2025-12-12,2.02747,2026-03-12,2.03171,2026-09-12,2.07319,2027-09-12,2.21163,2028-09-12,2.36417,2029-09-12,2.56083,2030-09-12,2.73687,2031-09-12,2.88987,2032-09-12,2.99669,2033-09-12,3.07941,2034-09-12,3.1399,2035-09-12,3.2327,2040-09-12,3.44748,2045-09-12,3.60868,2050-09-12,3.70258,2055-09-12,3.72367,2065-09-12,3.79203,GSAC
2025-09-09,L1600,FR0014002EF1,F849BNEF4,SOCIETG,SOCIETE GENERALE SFH,EUR,Corporate,EuropeMiddleEastAfrica,SECDOM,2036-03-15,,0.57,12M,Fixed,N,N,,,,,,76.42915,76.65914,76.88991,0.46076,0.2811,76.71025,76.94024,77.17101,3.25445,3.22397,3.1935,6.0955,3.25445,3.223972652095278,3.193495131563673,2036-03-15,57.94016,,,,DE0001102515,D2R8H4FE4,DBR 0.0 05/15/35,2.67505,2.66957,2.66409,57.94016,55.44016,52.94016,48.05111,45.59315,43.12691,55.92685,52.97685,50.02597,51.64322,49.06034,46.47745,54.1287,0.0776,10.14048,10.14121,10.14195,9.82086,9.82447,9.82809,108.30473,108.37837,108.45206,70.14552,67.20365,64.25948,10.14384,10.14447,10.1451,105.45045,105.45869,105.46691,N,N,N,N,N,N,N,51598,2025-09-08,5,5,5,5,21,5,42,5,64,0,4,2,N,6,0,0,0,0,0,,,,,,,11780552753,12945972593,13103576852,13528438827,14189025765,,,,,,,,,,,,51598,,,,2025-12-12,2.02747,2026-03-12,2.03171,2026-09-12,2.07319,2027-09-12,2.21163,2028-09-12,2.36417,2029-09-12,2.56083,2030-09-12,2.73687,2031-09-12,2.88987,2032-09-12,2.99669,2033-09-12,3.07941,2034-09-12,3.1399,2035-09-12,3.2327,2040-09-12,3.44748,2045-09-12,3.60868,2050-09-12,3.70258,2055-09-12,3.72367,2065-09-12,3.79203,GSAC
